{"cameraMode":{"drawMode":0,"name":"Shaded","section":"Shading Mode"},"sceneLighting":true,"audioPlay":false,"sceneViewState":{"showFog":true,"showMaterialUpdate":false,"showSkybox":true,"showFlares":true,"showImageEffects":true,"showParticleSystems":true},"in2DMode":false,"pivot":{"x":-9.609161376953125,"y":5.316479206085205,"z":16.540000915527345},"rotation":{"x":-0.02720469795167446,"y":-0.9695901274681091,"z":0.1272543966770172,"w":-0.20727072656154633},"size":11.543159484863282,"orthographic":true}